{
  "$schema": "https://schemas.wp.org/trunk/theme.json",
  "version": 2,
  "settings": {
    "appearanceTools": true,
    "useRootPaddingAwareAlignments": true,
    "layout": {
      "contentSize": "1200px",
      "wideSize": "1400px"
    },
    "color": {
      "custom": true,
      "customDuotone": true,
      "customGradient": true,
      "defaultPalette": true,
      "defaultGradients": true,
      "palette": [
        {
          "slug": "primary",
          "color": "#2563eb",
          "name": "Primary"
        },
        {
          "slug": "secondary",
          "color": "#7c3aed",
          "name": "Secondary"
        },
        {
          "slug": "background",
          "color": "#ffffff",
          "name": "Background"
        },
        {
          "slug": "foreground",
          "color": "#111827",
          "name": "Foreground"
        }
      ]
    },
    "typography": {
      "customFontSize": true,
      "fontStyle": true,
      "fontWeight": true,
      "letterSpacing": true,
      "lineHeight": true,
      "textDecoration": true,
      "textTransform": true,
      "fontSizes": [
        {
          "slug": "small",
          "size": "0.875rem",
          "name": "Small"
        },
        {
          "slug": "medium",
          "size": "1rem",
          "name": "Medium"
        },
        {
          "slug": "large",
          "size": "1.25rem",
          "name": "Large"
        },
        {
          "slug": "x-large",
          "size": "1.5rem",
          "name": "Extra Large"
        }
      ]
    },
    "spacing": {
      "padding": true,
      "margin": true,
      "units": [ "px", "em", "rem", "vh", "vw", "%" ]
    },
    "custom": {
      "spacing": {
        "small": "1rem",
        "medium": "2rem",
        "large": "4rem"
      }
    }
  },
  "styles": {
    "color": {
      "background": "var(--wp--preset--color--background)",
      "text": "var(--wp--preset--color--foreground)"
    },
    "typography": {
      "fontSize": "var(--wp--preset--font-size--medium)"
    },
    "spacing": {
      "padding": {
        "top": "0",
        "right": "0",
        "bottom": "0",
        "left": "0"
      }
    }
  },
  "templateParts": []
}

